url,month,year,mmyy,filename,downloaded,download_time
https://travel.state.gov/content/dam/visas/Statistics/Non-Immigrant-Statistics/MonthlyNIVIssuances/MARCH%202017%20-%20NIV%20Issuances%20by%20Nationality%20and%20Visa%20Class.pdf,MARCH,2017,2017-03-31,/Users/tiangeng/Documents/Python Files/niv/niv_2017-03-31.pdf,True,"2023-06-23, Friday, 23:37:13"
https://travel.state.gov/content/dam/visas/Statistics/Non-Immigrant-Statistics/MonthlyNIVIssuances/APRIL%202017%20-%20NIV%20Issuances%20by%20Nationality%20and%20Visa%20Class.pdf,APRIL,2017,2017-04-30,/Users/tiangeng/Documents/Python Files/niv/niv_2017-04-30.pdf,True,"2023-06-23, Friday, 23:37:15"
https://travel.state.gov/content/dam/visas/Statistics/Non-Immigrant-Statistics/MonthlyNIVIssuances/MAY%202017%20-%20NIV%20Issuances%20by%20Nationality%20and%20Visa%20Class.pdf,MAY,2017,2017-05-31,/Users/tiangeng/Documents/Python Files/niv/niv_2017-05-31.pdf,True,"2023-06-23, Friday, 23:37:23"
https://travel.state.gov/content/dam/visas/Statistics/Non-Immigrant-Statistics/MonthlyNIVIssuances/JUNE%202017%20-%20NIV%20Issuances%20by%20Nationality%20and%20Visa%20Class.pdf,JUNE,2017,2017-06-30,/Users/tiangeng/Documents/Python Files/niv/niv_2017-06-30.pdf,True,"2023-06-23, Friday, 23:37:23"
https://travel.state.gov/content/dam/visas/Statistics/Non-Immigrant-Statistics/MonthlyNIVIssuances/JULY%202017%20-%20NIV%20Issuances%20by%20Nationality%20and%20Visa%20Class.pdf,JULY,2017,2017-07-31,/Users/tiangeng/Documents/Python Files/niv/niv_2017-07-31.pdf,True,"2023-06-23, Friday, 23:37:30"
https://travel.state.gov/content/dam/visas/Statistics/Non-Immigrant-Statistics/MonthlyNIVIssuances/AUGUST%202017%20-%20NIV%20Issuances%20by%20Nationality%20and%20Visa%20Class.pdf,AUGUST,2017,2017-08-31,/Users/tiangeng/Documents/Python Files/niv/niv_2017-08-31.pdf,True,"2023-06-23, Friday, 23:37:33"
https://travel.state.gov/content/dam/visas/Statistics/Non-Immigrant-Statistics/MonthlyNIVIssuances/SEPTEMBER%202017%20-%20NIV%20Issuances%20by%20Nationality%20and%20Visa%20Class.pdf,SEPTEMBER,2017,2017-09-30,/Users/tiangeng/Documents/Python Files/niv/niv_2017-09-30.pdf,True,"2023-06-23, Friday, 23:37:42"
https://travel.state.gov/content/dam/visas/Statistics/Non-Immigrant-Statistics/MonthlyNIVIssuances/OCTOBER%202017%20-%20NIV%20Issuances%20by%20Nationality%20and%20Visa%20Class.pdf,OCTOBER,2017,2017-10-31,/Users/tiangeng/Documents/Python Files/niv/niv_2017-10-31.pdf,True,"2023-06-23, Friday, 23:37:43"
https://travel.state.gov/content/dam/visas/Statistics/Non-Immigrant-Statistics/MonthlyNIVIssuances/NOVEMBER%202017%20-%20NIV%20Issuances%20by%20Nationality%20and%20Visa%20Class.pdf,NOVEMBER,2017,2017-11-30,/Users/tiangeng/Documents/Python Files/niv/niv_2017-11-30.pdf,True,"2023-06-23, Friday, 23:37:44"
https://travel.state.gov/content/dam/visas/Statistics/Non-Immigrant-Statistics/MonthlyNIVIssuances/DECEMBER%202017%20-%20NIV%20Issuances%20by%20Nationlity%20and%20Visa%20Class.pdf,DECEMBER,2017,2017-12-31,/Users/tiangeng/Documents/Python Files/niv/niv_2017-12-31.pdf,True,"2023-06-23, Friday, 23:37:54"
https://travel.state.gov/content/dam/visas/Statistics/Non-Immigrant-Statistics/MonthlyNIVIssuances/JANUARY%202018%20-%20NIV%20Issuances%20by%20Nationality%20and%20Visa%20Class.pdf,JANUARY,2018,2018-01-31,/Users/tiangeng/Documents/Python Files/niv/niv_2018-01-31.pdf,True,"2023-06-23, Friday, 23:37:54"
https://travel.state.gov/content/dam/visas/Statistics/Non-Immigrant-Statistics/MonthlyNIVIssuances/FEBRUARY%202018%20-%20NIV%20Issuances%20by%20Nationality%20and%20Visa%20Class.pdf,FEBRUARY,2018,2018-02-28,/Users/tiangeng/Documents/Python Files/niv/niv_2018-02-28.pdf,True,"2023-06-23, Friday, 23:37:56"
https://travel.state.gov/content/dam/visas/Statistics/Non-Immigrant-Statistics/MonthlyNIVIssuances/MARCH%202018%20-%20NIV%20Issuances%20by%20Nationality%20and%20Visa%20Class.pdf,MARCH,2018,2018-03-31,/Users/tiangeng/Documents/Python Files/niv/niv_2018-03-31.pdf,True,"2023-06-23, Friday, 23:38:06"
https://travel.state.gov/content/dam/visas/Statistics/Non-Immigrant-Statistics/MonthlyNIVIssuances/APRIL%202018%20-%20NIV%20Issuances%20by%20Nationality%20and%20Visa%20Class.pdf,APRIL,2018,2018-04-30,/Users/tiangeng/Documents/Python Files/niv/niv_2018-04-30.pdf,True,"2023-06-23, Friday, 23:38:08"
https://travel.state.gov/content/dam/visas/Statistics/Non-Immigrant-Statistics/MonthlyNIVIssuances/MAY%202018%20-%20NIV%20Issuances%20by%20Nationality%20and%20Visa%20Class.pdf,MAY,2018,2018-05-31,/Users/tiangeng/Documents/Python Files/niv/niv_2018-05-31.pdf,True,"2023-06-23, Friday, 23:38:15"
https://travel.state.gov/content/dam/visas/Statistics/Non-Immigrant-Statistics/MonthlyNIVIssuances/JUNE%202018%20-%20NIV%20Issuances%20by%20Nationality%20and%20Visa%20Class.pdf,JUNE,2018,2018-06-30,/Users/tiangeng/Documents/Python Files/niv/niv_2018-06-30.pdf,True,"2023-06-23, Friday, 23:38:30"
https://travel.state.gov/content/dam/visas/Statistics/Non-Immigrant-Statistics/MonthlyNIVIssuances/JULY%202018%20-%20NIV%20Issuances%20by%20Nationality%20and%20Visa%20Class.pdf,JULY,2018,2018-07-31,/Users/tiangeng/Documents/Python Files/niv/niv_2018-07-31.pdf,True,"2023-06-23, Friday, 23:38:36"
https://travel.state.gov/content/dam/visas/Statistics/Non-Immigrant-Statistics/MonthlyNIVIssuances/AUGUST%202018%20-%20NIV%20Issuances%20by%20Nationality%20and%20Visa%20Class.pdf,AUGUST,2018,2018-08-31,/Users/tiangeng/Documents/Python Files/niv/niv_2018-08-31.pdf,True,"2023-06-23, Friday, 23:38:41"
https://travel.state.gov/content/dam/visas/Statistics/Non-Immigrant-Statistics/MonthlyNIVIssuances/SEPTEMBER%202018%20-%20NIV%20Issuances%20by%20Nationality%20and%20Visa%20Class.pdf,SEPTEMBER,2018,2018-09-30,/Users/tiangeng/Documents/Python Files/niv/niv_2018-09-30.pdf,True,"2023-06-23, Friday, 23:38:51"
https://travel.state.gov/content/dam/visas/Statistics/Non-Immigrant-Statistics/MonthlyNIVIssuances/October%202018%20-%20NIV%20Issuances%20by%20Nationality%20and%20Visa%20Class.pdf,OCTOBER,2018,2018-10-31,/Users/tiangeng/Documents/Python Files/niv/niv_2018-10-31.pdf,True,"2023-06-23, Friday, 23:38:56"
https://travel.state.gov/content/dam/visas/Statistics/Non-Immigrant-Statistics/MonthlyNIVIssuances/November%202018%20-%20NIV%20Issuances%20by%20Nationality%20and%20Visa%20Class.pdf,NOVEMBER,2018,2018-11-30,/Users/tiangeng/Documents/Python Files/niv/niv_2018-11-30.pdf,True,"2023-06-23, Friday, 23:39:01"
https://travel.state.gov/content/dam/visas/Statistics/Non-Immigrant-Statistics/MonthlyNIVIssuances/DECEMBER%202018%20-%20NIV%20Issuances%20by%20Nationality%20and%20Visa%20Class.pdf,DECEMBER,2018,2018-12-31,/Users/tiangeng/Documents/Python Files/niv/niv_2018-12-31.pdf,True,"2023-06-23, Friday, 23:39:08"
https://travel.state.gov/content/dam/visas/Statistics/Non-Immigrant-Statistics/MonthlyNIVIssuances/JANUARY%202019%20-%20NIV%20Issuances%20by%20Nationality%20and%20Visa%20Class.pdf,JANUARY,2019,2019-01-31,/Users/tiangeng/Documents/Python Files/niv/niv_2019-01-31.pdf,True,"2023-06-23, Friday, 23:39:11"
https://travel.state.gov/content/dam/visas/Statistics/Non-Immigrant-Statistics/MonthlyNIVIssuances/FEBRUARY%202019%20-%20NIV%20Issuances%20by%20Nationality%20and%20Visa%20Class.pdf,FEBRUARY,2019,2019-02-28,/Users/tiangeng/Documents/Python Files/niv/niv_2019-02-28.pdf,True,"2023-06-23, Friday, 23:39:13"
https://travel.state.gov/content/dam/visas/Statistics/Non-Immigrant-Statistics/MonthlyNIVIssuances/MARCH%202019%20-%20NIV%20Issuances%20by%20Nationality%20and%20Visa%20Class.pdf,MARCH,2019,2019-03-31,/Users/tiangeng/Documents/Python Files/niv/niv_2019-03-31.pdf,True,"2023-06-23, Friday, 23:39:16"
https://travel.state.gov/content/dam/visas/Statistics/Non-Immigrant-Statistics/MonthlyNIVIssuances/APRIL%202019%20-%20NIV%20Issuances%20by%20Nationality%20and%20Visa%20Class.pdf,APRIL,2019,2019-04-30,/Users/tiangeng/Documents/Python Files/niv/niv_2019-04-30.pdf,True,"2023-06-23, Friday, 23:39:20"
https://travel.state.gov/content/dam/visas/Statistics/Non-Immigrant-Statistics/MonthlyNIVIssuances/MAY%202019%20-%20NIV%20Issuances%20by%20Nationality%20and%20Visa%20Class.pdf,MAY,2019,2019-05-31,/Users/tiangeng/Documents/Python Files/niv/niv_2019-05-31.pdf,True,"2023-06-23, Friday, 23:39:24"
https://travel.state.gov/content/dam/visas/Statistics/Non-Immigrant-Statistics/MonthlyNIVIssuances/JUNE%202019%20-%20NIV%20Issuances%20by%20Nationality%20and%20Visa%20Class.pdf,JUNE,2019,2019-06-30,/Users/tiangeng/Documents/Python Files/niv/niv_2019-06-30.pdf,True,"2023-06-23, Friday, 23:39:25"
https://travel.state.gov/content/dam/visas/Statistics/Non-Immigrant-Statistics/MonthlyNIVIssuances/JULY%202019%20-%20NIV%20Issuances%20by%20Nationality%20and%20Visa%20Class.pdf,JULY,2019,2019-07-31,/Users/tiangeng/Documents/Python Files/niv/niv_2019-07-31.pdf,True,"2023-06-23, Friday, 23:39:38"
https://travel.state.gov/content/dam/visas/Statistics/Non-Immigrant-Statistics/MonthlyNIVIssuances/AUGUST%202019%20-%20NIV%20Issuances%20by%20Nationality%20and%20Visa%20Class.pdf,AUGUST,2019,2019-08-31,/Users/tiangeng/Documents/Python Files/niv/niv_2019-08-31.pdf,True,"2023-06-23, Friday, 23:39:47"
https://travel.state.gov/content/dam/visas/Statistics/Non-Immigrant-Statistics/MonthlyNIVIssuances/SEPTEMBER%202019%20-%20NIV%20Issuances%20by%20Nationality%20and%20Visa%20Class.pdf,SEPTEMBER,2019,2019-09-30,/Users/tiangeng/Documents/Python Files/niv/niv_2019-09-30.pdf,True,"2023-06-23, Friday, 23:39:50"
https://travel.state.gov/content/dam/visas/Statistics/Non-Immigrant-Statistics/MonthlyNIVIssuances/OCTOBER%202019%20NIV%20Issuances%20by%20Nationality%20and%20Visa%20Class.pdf,OCTOBER,2019,2019-10-31,/Users/tiangeng/Documents/Python Files/niv/niv_2019-10-31.pdf,True,"2023-06-23, Friday, 23:39:50"
https://travel.state.gov/content/dam/visas/Statistics/Non-Immigrant-Statistics/MonthlyNIVIssuances/NOVEMBER%202019%20-%20NIV%20Issuances%20by%20Nationality%20and%20Visa%20Class.pdf,NOVEMBER,2019,2019-11-30,/Users/tiangeng/Documents/Python Files/niv/niv_2019-11-30.pdf,True,"2023-06-23, Friday, 23:39:54"
https://travel.state.gov/content/dam/visas/Statistics/Non-Immigrant-Statistics/MonthlyNIVIssuances/DECEMBER%202019%20-%20NIV%20Issuances%20by%20Nationality%20and%20Visa%20Class.pdf,DECEMBER,2019,2019-12-31,/Users/tiangeng/Documents/Python Files/niv/niv_2019-12-31.pdf,True,"2023-06-23, Friday, 23:40:04"
https://travel.state.gov/content/dam/visas/Statistics/Non-Immigrant-Statistics/MonthlyNIVIssuances/JANUARY%202020%20-%20NIV%20Issuances%20by%20Nationality%20and%20Visa%20Class.pdf,JANUARY,2020,2020-01-31,/Users/tiangeng/Documents/Python Files/niv/niv_2020-01-31.pdf,True,"2023-06-23, Friday, 23:40:18"
https://travel.state.gov/content/dam/visas/Statistics/Non-Immigrant-Statistics/MonthlyNIVIssuances/FEBRUARY%202020%20-%20NIV%20Issuances%20by%20Nationality%20and%20Visa%20Class.pdf,FEBRUARY,2020,2020-02-29,/Users/tiangeng/Documents/Python Files/niv/niv_2020-02-29.pdf,True,"2023-06-23, Friday, 23:40:21"
https://travel.state.gov/content/dam/visas/Statistics/Non-Immigrant-Statistics/MonthlyNIVIssuances/MARCH%202020%20-%20NIV%20Issuances%20by%20Nationality%20and%20Visa%20Class.pdf,MARCH,2020,2020-03-31,/Users/tiangeng/Documents/Python Files/niv/niv_2020-03-31.pdf,True,"2023-06-23, Friday, 23:40:24"
https://travel.state.gov/content/dam/visas/Statistics/Non-Immigrant-Statistics/MonthlyNIVIssuances/APRIL%202020%20-%20NIV%20Issuances%20by%20Nationality%20and%20Visa%20Class.pdf,APRIL,2020,2020-04-30,/Users/tiangeng/Documents/Python Files/niv/niv_2020-04-30.pdf,True,"2023-06-23, Friday, 23:40:25"
https://travel.state.gov/content/dam/visas/Statistics/Non-Immigrant-Statistics/MonthlyNIVIssuances/MAY%202020%20-%20NIV%20Issuances%20by%20Nationality%20and%20Visa%20Class.pdf,MAY,2020,2020-05-31,/Users/tiangeng/Documents/Python Files/niv/niv_2020-05-31.pdf,True,"2023-06-23, Friday, 23:40:26"
https://travel.state.gov/content/dam/visas/Statistics/Non-Immigrant-Statistics/MonthlyNIVIssuances/June%202020%20-%20NIV%20Issuances%20by%20Nationality%20and%20Visa%20Class.pdf,JUNE,2020,2020-06-30,/Users/tiangeng/Documents/Python Files/niv/niv_2020-06-30.pdf,True,"2023-06-23, Friday, 23:40:31"
https://travel.state.gov/content/dam/visas/Statistics/Non-Immigrant-Statistics/MonthlyNIVIssuances/JULY%202020%20-%20NIV%20Issuances%20by%20Nationality%20and%20Visa%20Class.pdf,JULY,2020,2020-07-31,/Users/tiangeng/Documents/Python Files/niv/niv_2020-07-31.pdf,True,"2023-06-23, Friday, 23:40:32"
https://travel.state.gov/content/dam/visas/Statistics/Non-Immigrant-Statistics/MonthlyNIVIssuances/AUGUST%202020%20-%20NIV%20Issuances%20by%20Nationality%20and%20Visa%20Class.pdf,AUGUST,2020,2020-08-31,/Users/tiangeng/Documents/Python Files/niv/niv_2020-08-31.pdf,True,"2023-06-23, Friday, 23:40:34"
https://travel.state.gov/content/dam/visas/Statistics/Non-Immigrant-Statistics/MonthlyNIVIssuances/SEPT%202020%20-%20NIV%20Issuances%20by%20Nationality%20and%20Visa%20Class.pdf,SEPTEMBER,2020,2020-09-30,/Users/tiangeng/Documents/Python Files/niv/niv_2020-09-30.pdf,True,"2023-06-23, Friday, 23:40:36"
https://travel.state.gov/content/dam/visas/Statistics/Non-Immigrant-Statistics/MonthlyNIVIssuances/OCTOBER%202020%20-%20NIV%20Issuances%20by%20Nationality%20and%20Visa%20Class.pdf,OCTOBER,2020,2020-10-31,/Users/tiangeng/Documents/Python Files/niv/niv_2020-10-31.pdf,True,"2023-06-23, Friday, 23:40:38"
https://travel.state.gov/content/dam/visas/Statistics/Non-Immigrant-Statistics/MonthlyNIVIssuances/NOVEMBER%202020%20-%20NIV%20Issuances%20by%20Nationality%20and%20Visa%20Class.pdf,NOVEMBER,2020,2020-11-30,/Users/tiangeng/Documents/Python Files/niv/niv_2020-11-30.pdf,True,"2023-06-23, Friday, 23:40:39"
https://travel.state.gov/content/dam/visas/Statistics/Non-Immigrant-Statistics/MonthlyNIVIssuances/DECEMBER%202020%20-%20NIV%20Issuances%20by%20Nationality%20and%20Visa%20Class.pdf,DECEMBER,2020,2020-12-31,/Users/tiangeng/Documents/Python Files/niv/niv_2020-12-31.pdf,True,"2023-06-23, Friday, 23:40:43"
https://travel.state.gov/content/dam/visas/Statistics/Non-Immigrant-Statistics/MonthlyNIVIssuances/JANUARY%202021%20-%20NIV%20Issuances%20by%20Nationality%20and%20Visa%20Class.pdf,JANUARY,2021,2021-01-31,/Users/tiangeng/Documents/Python Files/niv/niv_2021-01-31.pdf,True,"2023-06-23, Friday, 23:40:50"
https://travel.state.gov/content/dam/visas/Statistics/Non-Immigrant-Statistics/MonthlyNIVIssuances/FEBRUARY%202021%20-%20NIV%20Issuances%20by%20Nationality%20and%20Visa%20Class.pdf,FEBRUARY,2021,2021-02-28,/Users/tiangeng/Documents/Python Files/niv/niv_2021-02-28.pdf,True,"2023-06-23, Friday, 23:40:57"
https://travel.state.gov/content/dam/visas/Statistics/Non-Immigrant-Statistics/MonthlyNIVIssuances/MARCH%202021%20-%20NIV%20Issuances%20by%20Nationality%20and%20Visa%20Class.pdf,MARCH,2021,2021-03-31,/Users/tiangeng/Documents/Python Files/niv/niv_2021-03-31.pdf,True,"2023-06-23, Friday, 23:40:59"
https://travel.state.gov/content/dam/visas/Statistics/Non-Immigrant-Statistics/MonthlyNIVIssuances/APRIL%202021%20-%20NIV%20Issuances%20by%20Nationality%20and%20Visa%20Class.pdf,APRIL,2021,2021-04-30,/Users/tiangeng/Documents/Python Files/niv/niv_2021-04-30.pdf,True,"2023-06-23, Friday, 23:41:03"
https://travel.state.gov/content/dam/visas/Statistics/Non-Immigrant-Statistics/MonthlyNIVIssuances/MAY2021%20-%20NIV%20Issuances%20by%20Nationality%20and%20Visa%20Class.pdf,MAY,2021,2021-05-31,/Users/tiangeng/Documents/Python Files/niv/niv_2021-05-31.pdf,True,"2023-06-23, Friday, 23:41:12"
https://travel.state.gov/content/dam/visas/Statistics/Non-Immigrant-Statistics/MonthlyNIVIssuances/JUNE2021%20-%20NIV%20Issuances%20by%20Nationality%20and%20Visa%20Class.pdf,JUNE,2021,2021-06-30,/Users/tiangeng/Documents/Python Files/niv/niv_2021-06-30.pdf,True,"2023-06-23, Friday, 23:41:20"
https://travel.state.gov/content/dam/visas/Statistics/Non-Immigrant-Statistics/MonthlyNIVIssuances/JULY2021%20-%20NIV%20Issuances%20by%20Nationality%20and%20Visa%20Class.pdf,JULY,2021,2021-07-31,/Users/tiangeng/Documents/Python Files/niv/niv_2021-07-31.pdf,True,"2023-06-23, Friday, 23:41:29"
https://travel.state.gov/content/dam/visas/Statistics/Non-Immigrant-Statistics/MonthlyNIVIssuances/AUGUST2021%20-%20NIV%20Issuances%20by%20Nationality%20and%20Visa%20Class.pdf,AUGUST,2021,2021-08-31,/Users/tiangeng/Documents/Python Files/niv/niv_2021-08-31.pdf,True,"2023-06-23, Friday, 23:41:37"
https://travel.state.gov/content/dam/visas/Statistics/Non-Immigrant-Statistics/MonthlyNIVIssuances/SEPTEMBER2021%20-%20NIV%20Issuances%20by%20Nationality%20and%20Visa%20Class.pdf,SEPTEMBER,2021,2021-09-30,/Users/tiangeng/Documents/Python Files/niv/niv_2021-09-30.pdf,True,"2023-06-23, Friday, 23:41:47"
https://travel.state.gov/content/dam/visas/Statistics/Non-Immigrant-Statistics/MonthlyNIVIssuances/OCTOBER2021%20-%20NIV%20Issuances%20by%20Nationality%20and%20Visa%20Class.pdf,OCTOBER,2021,2021-10-31,/Users/tiangeng/Documents/Python Files/niv/niv_2021-10-31.pdf,True,"2023-06-23, Friday, 23:41:56"
https://travel.state.gov/content/dam/visas/Statistics/Non-Immigrant-Statistics/MonthlyNIVIssuances/NOVEMBER2021%20-%20NIV%20Issuances%20by%20Nationality%20and%20Visa%20Class.pdf,NOVEMBER,2021,2021-11-30,/Users/tiangeng/Documents/Python Files/niv/niv_2021-11-30.pdf,True,"2023-06-23, Friday, 23:42:08"
https://travel.state.gov/content/dam/visas/Statistics/Non-Immigrant-Statistics/MonthlyNIVIssuances/DECEMBER2021%20-%20NIV%20Issuances%20by%20Nationality%20and%20Visa%20Class.pdf,DECEMBER,2021,2021-12-31,/Users/tiangeng/Documents/Python Files/niv/niv_2021-12-31.pdf,True,"2023-06-23, Friday, 23:42:15"
https://travel.state.gov/content/dam/visas/Statistics/Non-Immigrant-Statistics/MonthlyNIVIssuances/JANUARY2022%20-%20NIV%20Issuances%20by%20Nationality%20and%20Visa%20Class.pdf,JANUARY,2022,2022-01-31,/Users/tiangeng/Documents/Python Files/niv/niv_2022-01-31.pdf,True,"2023-06-23, Friday, 23:42:28"
https://travel.state.gov/content/dam/visas/Statistics/Non-Immigrant-Statistics/MonthlyNIVIssuances/FEBRUARY%202022%20-%20NIV%20Issuances%20by%20Nationality%20and%20Visa%20Class.pdf,FEBRUARY,2022,2022-02-28,/Users/tiangeng/Documents/Python Files/niv/niv_2022-02-28.pdf,True,"2023-06-23, Friday, 23:42:35"
https://travel.state.gov/content/dam/visas/Statistics/Non-Immigrant-Statistics/MonthlyNIVIssuances/MARCH%202022%20-%20NIV%20Issuances%20by%20Nationality%20and%20Visa%20Class.pdf,MARCH,2022,2022-03-31,/Users/tiangeng/Documents/Python Files/niv/niv_2022-03-31.pdf,True,"2023-06-23, Friday, 23:42:48"
https://travel.state.gov/content/dam/visas/Statistics/Non-Immigrant-Statistics/MonthlyNIVIssuances/APRIL%202022%20-%20NIV%20Issuances%20by%20Nationality%20and%20Visa%20Class.pdf,APRIL,2022,2022-04-30,/Users/tiangeng/Documents/Python Files/niv/niv_2022-04-30.pdf,True,"2023-06-23, Friday, 23:42:58"
https://travel.state.gov/content/dam/visas/Statistics/Non-Immigrant-Statistics/MonthlyNIVIssuances/MAY%202022%20-%20NIV%20Issuances%20by%20Nationality%20and%20Visa%20Class.pdf,MAY,2022,2022-05-31,/Users/tiangeng/Documents/Python Files/niv/niv_2022-05-31.pdf,True,"2023-06-23, Friday, 23:43:11"
https://travel.state.gov/content/dam/visas/Statistics/Non-Immigrant-Statistics/MonthlyNIVIssuances/JUNE%202022%20-%20NIV%20Issuances%20by%20Nationality%20and%20Visa%20Class.pdf,JUNE,2022,2022-06-30,/Users/tiangeng/Documents/Python Files/niv/niv_2022-06-30.pdf,True,"2023-06-23, Friday, 23:43:22"
https://travel.state.gov/content/dam/visas/Statistics/Non-Immigrant-Statistics/MonthlyNIVIssuances/JULY%202022%20-%20NIV%20Issuances%20by%20Nationality%20and%20Visa%20Class.pdf,JULY,2022,2022-07-31,/Users/tiangeng/Documents/Python Files/niv/niv_2022-07-31.pdf,True,"2023-06-23, Friday, 23:43:29"
https://travel.state.gov/content/dam/visas/Statistics/Non-Immigrant-Statistics/MonthlyNIVIssuances/AUGUST%202022%20-%20NIV%20Issuances%20by%20Nationality%20and%20Visa%20Class.pdf,AUGUST,2022,2022-08-31,/Users/tiangeng/Documents/Python Files/niv/niv_2022-08-31.pdf,True,"2023-06-23, Friday, 23:43:41"
https://travel.state.gov/content/dam/visas/Statistics/Non-Immigrant-Statistics/MonthlyNIVIssuances/SEPTEMBER%202022%20-%20NIV%20Issuances%20by%20Nationality%20and%20Visa%20Class.pdf,SEPTEMBER,2022,2022-09-30,/Users/tiangeng/Documents/Python Files/niv/niv_2022-09-30.pdf,True,"2023-06-23, Friday, 23:43:57"
https://travel.state.gov/content/dam/visas/Statistics/Non-Immigrant-Statistics/MonthlyNIVIssuances/OCTOBER%202022%20-%20NIV%20Issuances%20by%20Nationality%20and%20Visa%20Class.pdf,OCTOBER,2022,2022-10-31,/Users/tiangeng/Documents/Python Files/niv/niv_2022-10-31.pdf,True,"2023-06-23, Friday, 23:44:12"
https://travel.state.gov/content/dam/visas/Statistics/Non-Immigrant-Statistics/MonthlyNIVIssuances/NOVEMBER%202022%20-%20NIV%20Issuances%20by%20Nationality%20and%20Visa%20Class.pdf,NOVEMBER,2022,2022-11-30,/Users/tiangeng/Documents/Python Files/niv/niv_2022-11-30.pdf,True,"2023-06-23, Friday, 23:44:21"
https://travel.state.gov/content/dam/visas/Statistics/Non-Immigrant-Statistics/MonthlyNIVIssuances/DECEMBER%202022%20-%20NIV%20Issuances%20by%20Nationality%20and%20Visa%20Class.pdf,DECEMBER,2022,2022-12-31,/Users/tiangeng/Documents/Python Files/niv/niv_2022-12-31.pdf,True,"2023-06-23, Friday, 23:44:33"
https://travel.state.gov/content/dam/visas/Statistics/Non-Immigrant-Statistics/MonthlyNIVIssuances/JANUARY%202023%20-%20NIV%20Issuances%20by%20Nationality%20and%20Visa%20Class.pdf,JANUARY,2023,2023-01-31,/Users/tiangeng/Documents/Python Files/niv/niv_2023-01-31.pdf,True,"2023-06-23, Friday, 23:44:52"
https://travel.state.gov/content/dam/visas/Statistics/Non-Immigrant-Statistics/MonthlyNIVIssuances/FEBRUARY%202023%20-%20NIV%20Issuances%20by%20Nationality%20and%20Visa%20Class.pdf,FEBRUARY,2023,2023-02-28,/Users/tiangeng/Documents/Python Files/niv/niv_2023-02-28.pdf,True,"2023-06-23, Friday, 23:45:04"
https://travel.state.gov/content/dam/visas/Statistics/Non-Immigrant-Statistics/MonthlyNIVIssuances/MARCH%202023%20-%20NIV%20Issuances%20by%20Nationality%20and%20Visa%20Class.pdf,MARCH,2023,2023-03-31,/Users/tiangeng/Documents/Python Files/niv/niv_2023-03-31.pdf,True,"2023-06-23, Friday, 23:45:11"
https://travel.state.gov/content/dam/visas/Statistics/Non-Immigrant-Statistics/MonthlyNIVIssuances/APRIL%202023%20-%20NIV%20Issuances%20by%20Nationality%20and%20Visa%20Class.pdf,APRIL,2023,2023-04-30,/Users/tiangeng/Documents/Python Files/niv/niv_2023-04-30.pdf,True,"2023-06-23, Friday, 23:45:17"
https://travel.state.gov/content/dam/visas/Statistics/Non-Immigrant-Statistics/MonthlyNIVIssuances/MAY%202023%20-%20NIV%20Issuances%20by%20Nationality%20and%20Visa%20Class.pdf,MAY,2023,2023-05-31,/Users/tiangeng/Documents/Python Files/niv/niv_2023-05-31.pdf,True,"2023-06-28, Wednesday, 00:07:22"
https://travel.state.gov/content/dam/visas/Statistics/Non-Immigrant-Statistics/MonthlyNIVIssuances/JUNE%202023%20-%20NIV%20Issuances%20by%20Nationality%20and%20Visa%20Class.pdf,JUNE,2023,2023-06-30,/Users/tiangeng/Documents/Python Files/niv/niv_2023-06-30.pdf,True,"2023-07-30, Sunday, 22:18:31"
https://travel.state.gov/content/dam/visas/Statistics/Non-Immigrant-Statistics/MonthlyNIVIssuances/JULY%202023%20-%20NIV%20Issuances%20by%20Nationality%20and%20Visa%20Class.pdf,JULY,2023,2023-07-31,/Users/tiangeng/Documents/Python Files/niv/niv_2023-07-31.pdf,True,"2023-09-01, Friday, 17:27:32"
https://travel.state.gov/content/dam/visas/Statistics/Non-Immigrant-Statistics/MonthlyNIVIssuances/AUGUST%202023%20-%20NIV%20Issuances%20by%20Nationality%20and%20Visa%20Class.pdf,AUGUST,2023,2023-08-31,/Users/tiangeng/Documents/Python Files/niv/niv_2023-08-31.pdf,True,"2023-10-27, Friday, 20:11:38"
https://travel.state.gov/content/dam/visas/Statistics/Non-Immigrant-Statistics/MonthlyNIVIssuances/SEPTEMBER%202023%20-%20NIV%20Issuances%20by%20Nationality%20and%20Visa%20Class.pdf,SEPTEMBER,2023,2023-09-30,/Users/tiangeng/Documents/Python Files/niv/niv_2023-09-30.pdf,True,"2023-10-27, Friday, 20:11:38"
https://travel.state.gov/content/dam/visas/Statistics/Non-Immigrant-Statistics/MonthlyNIVIssuances/OCTOBER%202023%20-%20NIV%20Issuances%20by%20Nationality%20and%20Visa%20Class.pdf,OCTOBER,2023,2023-10-31,/Users/tiangeng/Documents/python_files/niv/niv_2023-10-31.pdf,True,"2024-03-03, Sunday, 01:53:38"
https://travel.state.gov/content/dam/visas/Statistics/Non-Immigrant-Statistics/MonthlyNIVIssuances/NOVEMBER%202023%20-%20NIV%20Issuances%20by%20Nationality%20and%20Visa%20Class.pdf,NOVEMBER,2023,2023-11-30,/Users/tiangeng/Documents/python_files/niv/niv_2023-11-30.pdf,True,"2024-03-03, Sunday, 01:53:38"
https://travel.state.gov/content/dam/visas/Statistics/Non-Immigrant-Statistics/MonthlyNIVIssuances/DECEMBER%202023%20-%20NIV%20Issuances%20by%20Nationality%20and%20Visa%20Class.pdf,DECEMBER,2023,2023-12-31,/Users/tiangeng/Documents/python_files/niv/niv_2023-12-31.pdf,True,"2024-03-03, Sunday, 01:53:37"
https://travel.state.gov/content/dam/visas/Statistics/Non-Immigrant-Statistics/MonthlyNIVIssuances/JANUARY%202024%20-%20NIV%20Issuances%20by%20Nationality%20and%20Visa%20Class.pdf,JANUARY,2024,2024-01-31,/Users/tiangeng/Documents/python_files/niv/niv_2024-01-31.pdf,True,"2024-03-03, Sunday, 01:53:39"
https://travel.state.gov/content/dam/visas/Statistics/Non-Immigrant-Statistics/MonthlyNIVIssuances/FEBRUARY%202024%20-%20NIV%20Issuances%20by%20Nationality%20and%20Visa%20Class.pdf,FEBRUARY,2024,2024-02-29,/Users/tiangeng/Documents/python_files/niv/niv_2024-02-29.pdf,True,"2024-10-16, Wednesday, 23:03:08"
https://travel.state.gov/content/dam/visas/Statistics/Non-Immigrant-Statistics/MonthlyNIVIssuances/MARCH%202024%20-%20NIV%20Issuances%20by%20Nationality%20and%20Visa%20Class.pdf,MARCH,2024,2024-03-31,/Users/tiangeng/Documents/python_files/niv/niv_2024-03-31.pdf,True,"2024-10-16, Wednesday, 23:03:09"
https://travel.state.gov/content/dam/visas/Statistics/Non-Immigrant-Statistics/MonthlyNIVIssuances/MARCH%202024%20%20-%20NIV%20Issuances%20by%20Nationality%20and%20Visa%20Class.pdf,MARCH,2024,2024-03-31,/Users/tiangeng/Documents/python_files/niv/niv_2024-03-31.pdf,True,"2024-10-16, Wednesday, 23:03:09"
https://travel.state.gov/content/dam/visas/Statistics/Non-Immigrant-Statistics/MonthlyNIVIssuances/APRIL%202024%20%20-%20NIV%20Issuances%20by%20Nationality%20and%20Visa%20Class.pdf,APRIL,2024,2024-04-30,/Users/tiangeng/Documents/python_files/niv/niv_2024-04-30.pdf,True,"2024-10-16, Wednesday, 23:03:07"
https://travel.state.gov/content/dam/visas/Statistics/Non-Immigrant-Statistics/MonthlyNIVIssuances/APRIL%202024%20-%20NIV%20Issuances%20by%20Nationality%20and%20Visa%20Class.pdf,APRIL,2024,2024-04-30,/Users/tiangeng/Documents/python_files/niv/niv_2024-04-30.pdf,True,"2024-10-16, Wednesday, 23:03:07"
https://travel.state.gov/content/dam/visas/Statistics/Non-Immigrant-Statistics/MonthlyNIVIssuances/MAY%202024%20%20-%20NIV%20Issuances%20by%20Nationality%20and%20Visa%20Class.pdf,MAY,2024,2024-05-31,/Users/tiangeng/Documents/python_files/niv/niv_2024-05-31.pdf,True,"2024-10-16, Wednesday, 23:03:08"
https://travel.state.gov/content/dam/visas/Statistics/Non-Immigrant-Statistics/MonthlyNIVIssuances/MAY%202024%20-%20NIV%20Issuances%20by%20Nationality%20and%20Visa%20Class.pdf,MAY,2024,2024-05-31,/Users/tiangeng/Documents/python_files/niv/niv_2024-05-31.pdf,True,"2024-10-16, Wednesday, 23:03:08"
https://travel.state.gov/content/dam/visas/Statistics/Non-Immigrant-Statistics/MonthlyNIVIssuances/JUNE%202024%20-%20NIV%20Issuances%20by%20Nationality%20and%20Visa%20Class.pdf,JUNE,2024,2024-06-30,/Users/tiangeng/Documents/python_files/niv/niv_2024-06-30.pdf,True,"2024-10-16, Wednesday, 23:03:06"
https://travel.state.gov/content/dam/visas/Statistics/Non-Immigrant-Statistics/MonthlyNIVIssuances/JUNE%202024%20%20-%20NIV%20Issuances%20by%20Nationality%20and%20Visa%20Class.pdf,JUNE,2024,2024-06-30,/Users/tiangeng/Documents/python_files/niv/niv_2024-06-30.pdf,True,"2024-10-16, Wednesday, 23:03:06"
https://travel.state.gov/content/dam/visas/Statistics/Non-Immigrant-Statistics/MonthlyNIVIssuances/JULY%202024%20%20-%20NIV%20Issuances%20by%20Nationality%20and%20Visa%20Class.pdf,JULY,2024,2024-07-31,/Users/tiangeng/Documents/python_files/niv/niv_2024-07-31.pdf,True,"2024-10-16, Wednesday, 23:03:09"
https://travel.state.gov/content/dam/visas/Statistics/Non-Immigrant-Statistics/MonthlyNIVIssuances/JULY%202024%20-%20NIV%20Issuances%20by%20Nationality%20and%20Visa%20Class.pdf,JULY,2024,2024-07-31,/Users/tiangeng/Documents/python_files/niv/niv_2024-07-31.pdf,True,"2024-10-16, Wednesday, 23:03:09"
https://travel.state.gov/content/dam/visas/Statistics/Non-Immigrant-Statistics/MonthlyNIVIssuances/AUGUST%202024%20-%20NIV%20Issuances%20by%20Nationality%20and%20Visa%20Class.pdf,AUGUST,2024,2024-08-31,/Users/tiangeng/Documents/python_files/niv/niv_2024-08-31.pdf,True,"2024-10-16, Wednesday, 23:03:07"
https://travel.state.gov/content/dam/visas/Statistics/Non-Immigrant-Statistics/MonthlyNIVIssuances/AUGUST%202024%20%20-%20NIV%20Issuances%20by%20Nationality%20and%20Visa%20Class.pdf,AUGUST,2024,2024-08-31,/Users/tiangeng/Documents/python_files/niv/niv_2024-08-31.pdf,True,"2024-10-16, Wednesday, 23:03:07"
https://travel.state.gov/content/dam/visas/Statistics/Non-Immigrant-Statistics/MonthlyNIVIssuances/SEPTEMBER%202024%20%20-%20NIV%20Issuances%20by%20Nationality%20and%20Visa%20Class.pdf,SEPTEMBER,2024,2024-09-30,/Users/tiangeng/Documents/python_files/niv/niv_2024-09-30.pdf,True,"2025-01-12, Sunday, 14:01:32"
https://travel.state.gov/content/dam/visas/Statistics/Non-Immigrant-Statistics/MonthlyNIVIssuances/SEPTEMBER%202024%20-%20NIV%20Issuances%20by%20Nationality%20and%20Visa%20Class.pdf,SEPTEMBER,2024,2024-09-30,/Users/tiangeng/Documents/python_files/niv/niv_2024-09-30.pdf,True,"2025-01-12, Sunday, 14:01:32"
https://travel.state.gov/content/dam/visas/Statistics/Non-Immigrant-Statistics/MonthlyNIVIssuances/OCTOBER%202024%20-%20NIV%20Issuances%20by%20Nationality%20and%20Visa%20Class.pdf,OCTOBER,2024,2024-10-31,/Users/tiangeng/Documents/python_files/niv/niv_2024-10-31.pdf,True,"2025-01-12, Sunday, 14:01:32"
https://travel.state.gov/content/dam/visas/Statistics/Non-Immigrant-Statistics/MonthlyNIVIssuances/NOVEMBER%202024%20-%20NIV%20Issuances%20by%20Nationality%20and%20Visa%20Class.pdf,NOVEMBER,2024,2024-11-30,/Users/tiangeng/Documents/python_files/niv/niv_2024-11-30.pdf,True,"2025-03-13, Thursday, 20:56:27"
https://travel.state.gov/content/dam/visas/Statistics/Non-Immigrant-Statistics/MonthlyNIVIssuances/DECEMBER%202024%20-%20NIV%20Issuances%20by%20Nationality%20and%20Visa%20Class.pdf,DECEMBER,2024,2024-12-31,/Users/tiangeng/Documents/python_files/niv/niv_2024-12-31.pdf,True,"2025-03-13, Thursday, 20:56:28"
https://travel.state.gov/content/dam/visas/Statistics/Non-Immigrant-Statistics/MonthlyNIVIssuances/JANUARY%202025%20-%20NIV%20Issuances%20by%20Nationality%20and%20Visa%20Class.pdf,JANUARY,2025,2025-01-31,/Users/tiangeng/Documents/python_files/niv/niv_2025-01-31.pdf,True,"2025-03-13, Thursday, 20:56:25"
https://travel.state.gov/content/dam/visas/Statistics/Non-Immigrant-Statistics/MonthlyNIVIssuances/FEBRUARY%202025%20-%20NIV%20Issuances%20by%20Nationality%20and%20Visa%20Class.pdf,FEBRUARY,2025,2025-02-28,/Users/tiangeng/Documents/python_files/niv/niv_2025-02-28.pdf,True,"2025-04-08, Tuesday, 15:37:07"
https://travel.state.gov/content/dam/visas/Statistics/Non-Immigrant-Statistics/MonthlyNIVIssuances/MARCH%202025%20-%20NIV%20Issuances%20by%20Nationality%20and%20Visa%20Class.pdf,MARCH,2025,2025-03-31,/Users/tiangeng/Documents/python_files/niv/niv_2025-03-31.pdf,True,"2025-07-03, Thursday, 11:50:07"
https://travel.state.gov/content/dam/visas/Statistics/Non-Immigrant-Statistics/MonthlyNIVIssuances/APRIL%202025%20-%20NIV%20Issuances%20by%20Nationality%20and%20Visa%20Class.pdf,APRIL,2025,2025-04-30,/Users/tiangeng/Documents/python_files/niv/niv_2025-04-30.pdf,True,"2025-07-03, Thursday, 11:50:01"
https://travel.state.gov/content/dam/visas/Statistics/Non-Immigrant-Statistics/MonthlyNIVIssuances/MAY%202025%20-%20NIV%20Issuances%20by%20Nationality%20and%20Visa%20Class.pdf,MAY,2025,2025-05-31,/Users/tiangeng/Documents/python_files/niv/niv_2025-05-31.pdf,True,"2025-07-03, Thursday, 11:49:47"
